patient_id,age,sex,bmi,duration_years,hba1c,fasting_glucose,egfr,ldl,hypertension,family_history,tcf7l2_risk_alleles,medication,activity_level,vegetarian,carb_scale,sleep_hours_mean
P000,55,F,28.3,4.4,7.0,113,100,98,0,0,0,metformin+sulfonylurea,light,0,1.1,6.8
P001,41,M,26.6,8.5,7.1,119,82,84,0,0,0,metformin,sedentary,0,0.89,6.4
P002,60,F,23.6,14.5,7.7,136,74,127,0,0,2,metformin,light,1,1.19,7.0
P003,62,M,26.9,4.6,6.5,111,73,149,0,0,0,metformin,moderate,0,1.3,6.6
P004,31,M,24.4,17.9,7.4,122,86,90,1,0,1,metformin,light,0,0.73,6.9
P005,38,F,22.8,1.9,7.8,131,97,123,0,0,1,metformin,light,0,1.08,6.0
P006,53,F,30.2,14.2,7.5,130,88,86,1,0,0,metformin,light,1,0.84,8.0
P007,49,F,29.7,1.7,6.5,116,105,106,0,0,1,none,moderate,1,1.11,6.2
P008,52,M,20.0,7.5,6.8,110,87,96,0,0,2,metformin,sedentary,0,0.98,7.7
P009,43,M,27.0,3.3,7.8,144,90,132,0,1,1,metformin+sulfonylurea,sedentary,0,1.02,6.5
P010,62,F,32.3,3.2,7.5,149,100,96,0,1,0,metformin+sulfonylurea,sedentary,1,0.95,7.2
P011,61,M,31.9,21.1,8.5,149,63,143,1,0,0,metformin+sulfonylurea,light,0,1.09,7.1
P012,53,F,32.4,10.1,7.7,141,76,108,0,0,2,metformin,light,1,0.89,7.4
P013,64,M,27.7,4.9,7.3,144,63,97,0,0,0,metformin,light,1,1.21,6.0
P014,57,M,24.0,0.2,6.2,103,97,80,0,1,1,metformin,sedentary,0,0.95,7.4
P015,43,M,22.9,1.0,6.3,104,103,122,1,0,0,metformin,sedentary,0,0.83,7.9
P016,56,M,28.9,2.0,7.5,150,105,140,0,1,0,metformin,light,0,1.19,6.4
P017,41,M,29.1,5.4,8.0,147,82,123,0,0,2,insulin,moderate,0,0.99,6.6
P018,62,F,33.5,7.5,6.8,133,88,178,1,0,1,metformin,sedentary,0,1.23,6.2
P019,51,F,32.7,2.7,6.8,126,89,155,0,0,2,metformin,sedentary,1,1.21,6.4
P020,50,F,27.5,9.1,7.2,128,90,106,1,0,0,metformin,sedentary,0,0.9,7.8
P021,45,M,22.3,8.2,8.3,162,75,106,0,1,1,metformin+sulfonylurea,light,0,0.99,5.9
P022,65,M,26.2,3.6,5.9,104,89,128,0,1,1,metformin,sedentary,0,1.01,5.9
P023,50,M,28.4,2.0,7.0,137,96,92,0,0,0,metformin,sedentary,0,1.18,7.7
P024,47,M,26.7,0.5,5.9,95,92,148,1,0,0,metformin,light,0,1.05,7.0
P025,48,F,25.7,7.1,6.7,120,92,125,1,0,1,none,sedentary,1,1.08,8.1
P026,58,M,28.6,5.7,6.7,119,75,122,1,0,0,metformin,sedentary,1,1.04,6.3
P027,56,F,26.0,8.5,7.0,133,75,134,0,1,1,metformin+sulfonylurea,sedentary,0,0.99,6.7
P028,57,F,25.5,12.6,7.3,123,72,163,1,1,2,metformin,moderate,0,1.16,6.1
P029,57,M,28.8,15.7,7.6,151,59,120,0,1,0,metformin+sulfonylurea,light,1,1.06,6.7
P030,76,M,25.8,11.1,6.8,126,71,112,1,0,0,metformin,sedentary,1,1.01,5.4
P031,48,M,28.5,4.1,5.9,87,99,157,1,0,0,metformin,sedentary,0,0.93,7.1
P032,46,F,29.2,4.9,7.5,150,84,142,0,0,0,metformin,light,1,0.99,6.8
P033,43,M,22.7,10.6,7.6,163,90,106,0,1,0,metformin,moderate,1,0.89,6.6
P034,59,F,26.1,2.9,7.5,148,80,115,0,1,1,metformin+sulfonylurea,sedentary,0,0.91,6.3
P035,64,M,33.5,3.1,6.0,117,81,120,0,1,0,metformin,sedentary,0,1.18,6.0
P036,51,M,22.6,9.4,7.4,137,78,125,0,0,1,metformin,sedentary,0,0.98,7.1
P037,43,F,19.2,16.2,7.7,126,76,77,0,0,0,metformin,light,0,1.08,5.8
P038,43,F,20.3,10.8,6.2,89,96,72,0,0,0,metformin,moderate,1,0.76,7.0
P039,59,F,28.2,9.5,7.2,134,77,90,1,0,0,metformin+sulfonylurea,light,0,1.07,8.1
P040,60,M,27.6,5.4,7.1,123,96,88,0,1,1,metformin,sedentary,1,1.04,7.6
P041,58,F,27.6,2.8,8.3,148,84,97,0,0,1,insulin,light,1,1.0,5.5
P042,45,M,32.6,8.7,8.7,166,80,133,1,0,0,insulin,light,0,1.02,6.2
P043,55,M,18.5,14.6,6.1,111,86,110,0,1,1,metformin,sedentary,0,0.94,6.9
P044,53,M,29.2,4.2,8.9,157,91,120,0,1,1,metformin+sulfonylurea,sedentary,0,0.75,6.6
P045,54,F,34.7,3.4,6.5,110,91,81,0,0,0,metformin,sedentary,1,1.17,5.6
P046,62,M,22.8,3.5,7.7,158,89,102,1,0,2,metformin,light,0,1.03,6.9
P047,54,F,26.5,7.2,7.7,132,77,131,0,0,0,metformin,light,0,0.96,6.6
P048,59,M,24.3,12.1,6.5,123,74,132,0,0,0,metformin,light,0,0.88,7.9
P049,53,M,23.7,0.7,7.0,122,87,95,1,1,1,metformin,moderate,0,0.82,6.4
P050,55,M,26.1,5.9,6.8,127,72,120,0,0,0,metformin,sedentary,1,1.09,7.4
P051,59,M,33.5,1.7,7.4,147,81,177,1,0,0,metformin+sulfonylurea,sedentary,0,1.19,5.7
P052,36,F,35.8,18.5,8.5,169,97,115,1,1,1,metformin+sulfonylurea,sedentary,0,1.02,5.9
P053,48,M,26.1,6.3,7.8,154,89,96,0,0,0,metformin,moderate,0,0.83,7.1
P054,47,F,36.1,4.1,7.5,127,79,110,0,0,1,metformin+sulfonylurea,light,0,1.03,7.4
P055,45,M,27.6,6.7,7.3,145,77,118,0,0,2,metformin,sedentary,0,0.99,5.9
P056,49,F,35.5,1.3,8.0,141,104,111,1,1,1,insulin,sedentary,1,1.16,6.6
P057,68,F,27.7,2.1,7.4,138,76,114,0,1,1,metformin,light,1,1.13,5.6
P058,42,F,28.7,5.8,7.7,146,87,75,1,0,1,metformin+sulfonylurea,light,0,0.7,6.5
P059,63,F,29.6,9.3,7.2,136,72,88,0,0,2,metformin,light,0,1.07,7.2
P060,33,F,41.5,0.3,6.5,118,91,111,1,0,0,metformin,sedentary,0,0.88,6.3
P061,48,M,31.1,12.3,7.1,120,94,110,1,0,0,metformin,moderate,1,0.89,6.4
P062,54,M,24.5,4.3,6.5,101,82,99,0,1,1,metformin,light,1,1.04,5.8
P063,58,F,32.2,9.6,8.2,163,89,110,1,1,1,metformin+sulfonylurea,light,0,1.05,6.1
P064,60,F,26.6,7.4,7.7,145,78,117,0,1,0,metformin+sulfonylurea,light,0,0.8,7.8
P065,61,F,26.0,17.0,7.7,154,81,140,1,1,1,metformin,moderate,1,1.14,6.7
P066,48,M,31.3,7.3,8.2,154,89,112,0,1,0,metformin+sulfonylurea,moderate,0,1.09,5.9
P067,47,F,28.2,12.0,8.7,152,90,126,0,0,2,insulin,light,1,1.07,6.4
P068,61,F,29.3,3.6,7.1,138,86,100,0,1,0,metformin,light,0,0.9,5.5
P069,50,F,28.2,1.3,6.1,102,95,131,1,1,0,metformin,sedentary,1,0.94,5.9
P070,38,M,28.9,10.6,8.4,163,94,126,0,0,0,insulin,moderate,1,1.18,7.6
P071,40,F,29.9,1.3,6.8,115,95,139,0,1,0,metformin,light,1,0.88,6.5
P072,42,M,19.4,9.2,6.9,141,105,135,0,1,0,metformin,sedentary,0,1.13,7.9
P073,57,M,30.3,2.2,6.6,108,77,131,1,0,0,metformin,sedentary,0,0.98,6.5
P074,54,M,23.4,6.8,6.2,104,83,112,0,0,0,none,moderate,0,0.99,6.6
P075,60,M,21.4,17.2,6.3,111,70,122,1,0,0,none,moderate,0,0.8,7.0
P076,47,M,27.3,8.8,7.6,130,89,145,0,0,0,metformin,moderate,0,0.98,4.8
P077,54,F,28.5,4.8,6.4,116,81,97,0,1,0,metformin,light,1,1.13,6.7
P078,59,M,24.6,7.5,9.1,192,81,97,1,0,0,metformin+sulfonylurea,light,0,0.84,6.6
P079,49,M,31.0,3.7,6.2,103,87,120,0,0,0,none,moderate,1,1.12,7.6
P080,57,F,22.5,21.4,6.8,126,56,127,0,0,0,metformin,sedentary,0,1.01,7.3
P081,45,M,25.8,3.1,7.1,101,92,92,0,0,0,metformin,sedentary,0,0.92,5.8
P082,48,F,25.6,5.2,7.9,147,79,113,0,0,0,metformin,moderate,0,1.1,7.5
P083,48,M,27.3,8.2,7.3,130,72,112,1,0,1,metformin,sedentary,1,0.8,6.4
P084,39,M,28.7,7.2,7.9,139,94,53,0,0,2,metformin+sulfonylurea,light,0,1.04,6.0
P085,57,M,23.3,7.7,6.0,114,84,109,0,1,2,metformin,light,1,1.25,6.7
P086,47,M,30.5,3.8,6.7,116,94,111,1,0,1,metformin,light,1,1.23,6.5
P087,52,M,27.8,4.6,6.4,111,90,111,0,0,1,metformin,sedentary,0,1.05,7.7
P088,57,M,19.6,10.3,5.9,97,62,155,1,0,0,none,light,0,0.96,6.8
P089,57,M,19.3,9.9,7.1,110,67,81,0,1,1,metformin+sulfonylurea,sedentary,0,0.92,6.7
P090,59,F,28.0,7.3,5.9,89,95,92,1,1,1,metformin,moderate,1,1.02,7.2
P091,51,M,26.6,13.0,6.6,127,72,50,0,0,1,metformin,sedentary,0,1.07,7.4
P092,47,M,27.1,10.5,7.2,110,90,102,0,0,2,metformin,light,0,0.9,7.1
P093,51,F,28.0,9.7,6.6,109,77,104,0,0,0,none,light,0,1.09,7.6
P094,33,F,29.0,1.3,7.2,127,102,101,0,1,1,metformin,sedentary,0,1.26,7.0
P095,36,M,31.5,7.2,7.6,158,90,146,0,1,1,metformin,sedentary,1,1.05,6.7
P096,37,F,23.4,6.4,7.4,144,99,139,0,0,0,metformin,light,0,0.84,7.5
P097,41,F,23.2,14.1,8.2,149,87,117,0,1,2,insulin,sedentary,0,0.84,6.5
P098,56,F,23.5,5.0,7.5,151,79,105,0,0,0,metformin,sedentary,0,1.09,6.6
P099,42,F,29.3,6.0,7.5,131,83,144,0,1,2,metformin+sulfonylurea,light,0,0.99,7.8
P100,48,F,33.3,2.2,7.4,146,93,114,0,1,1,metformin,moderate,0,1.11,7.7
P101,66,M,25.7,2.6,7.0,113,68,92,1,1,0,metformin,light,0,0.94,6.6
P102,48,F,18.5,14.1,7.4,147,85,67,0,0,1,metformin+sulfonylurea,sedentary,0,1.1,6.3
P103,60,M,20.3,7.7,6.5,111,99,103,0,0,0,metformin,moderate,1,1.04,7.6
P104,42,M,24.0,17.2,7.5,128,94,136,1,0,1,metformin,light,1,0.97,7.2
P105,50,F,25.8,4.9,6.5,113,93,179,1,0,1,metformin,light,0,0.95,6.8
P106,42,F,26.4,1.6,7.2,134,95,117,0,1,1,metformin,light,0,0.86,6.4
P107,48,M,27.7,4.4,7.0,121,73,94,0,0,1,metformin,sedentary,0,1.24,6.8
P108,61,F,26.8,3.8,6.3,116,70,82,1,1,0,metformin,sedentary,0,0.99,6.6
P109,33,F,32.5,9.0,6.9,118,106,130,0,1,0,metformin,light,0,1.08,6.1
P110,57,M,24.7,8.7,6.2,114,73,66,0,0,0,metformin,sedentary,1,1.0,6.7
P111,55,M,23.9,8.0,7.6,145,76,130,0,1,0,metformin,light,0,0.87,6.8
P112,45,M,29.5,20.6,8.0,149,77,138,0,0,0,insulin,sedentary,0,0.97,6.3
P113,36,F,21.7,12.5,6.5,110,82,127,0,0,0,metformin,sedentary,0,1.13,7.2
P114,53,M,29.1,2.8,7.4,137,77,109,0,0,0,metformin,sedentary,0,0.94,7.5
P115,46,M,27.9,10.8,6.9,130,85,131,0,0,0,metformin,light,0,0.9,7.3
P116,55,F,27.5,5.7,6.2,128,76,120,1,0,1,metformin,light,0,1.02,6.4
P117,52,M,34.2,4.8,7.9,157,80,93,0,0,0,metformin+sulfonylurea,sedentary,0,1.06,7.1
P118,70,F,25.5,13.5,7.4,146,60,167,1,1,2,metformin,sedentary,0,1.2,6.7
P119,49,F,36.8,2.6,6.9,155,94,105,1,1,0,metformin+sulfonylurea,sedentary,1,1.1,5.7
P120,41,M,26.6,10.3,7.2,136,87,137,0,0,0,metformin,moderate,0,1.08,7.1
P121,54,F,22.7,9.2,7.9,152,79,50,0,0,1,metformin,sedentary,0,1.09,6.7
P122,54,F,28.4,2.6,6.8,129,91,151,1,1,0,metformin,light,1,0.92,8.2
P123,67,M,23.0,1.2,5.9,90,77,156,0,0,0,none,sedentary,0,0.88,7.6
P124,61,M,24.3,5.3,7.4,131,77,116,0,0,1,metformin+sulfonylurea,sedentary,0,0.87,7.1
P125,56,M,29.2,11.6,7.0,121,81,131,1,0,0,metformin,light,0,0.84,6.8
P126,68,M,29.8,7.2,8.5,168,78,131,1,0,0,metformin+sulfonylurea,light,0,1.1,6.7
P127,39,M,24.9,13.8,7.5,136,86,97,1,0,1,metformin,sedentary,1,1.09,5.9
P128,45,F,32.2,6.9,5.9,102,90,130,0,0,0,metformin,moderate,1,1.07,5.4
P129,42,F,33.0,14.4,8.2,166,79,92,0,0,1,insulin,sedentary,1,0.75,6.0
P130,48,F,34.1,3.5,8.5,170,83,98,0,1,0,metformin+sulfonylurea,sedentary,0,1.25,6.6
P131,37,F,30.3,8.0,8.7,165,100,147,1,0,2,insulin,sedentary,0,0.89,5.1
P132,59,M,33.2,4.1,8.6,157,85,142,0,1,1,insulin,light,0,1.25,6.2
P133,50,F,20.2,5.1,6.3,121,91,95,0,0,2,metformin,light,0,0.83,6.4
P134,36,F,26.8,6.0,7.8,153,98,94,0,1,1,metformin,sedentary,1,0.96,6.4
P135,41,F,24.5,7.2,6.4,96,92,97,1,1,0,metformin,moderate,1,0.8,6.1
P136,55,F,28.6,3.1,7.2,128,91,136,0,1,1,metformin,light,1,1.1,6.4
P137,61,M,25.1,7.7,6.1,107,85,87,0,0,0,metformin,moderate,0,0.87,7.8
P138,74,F,27.4,5.8,6.7,127,77,125,1,1,1,none,moderate,1,0.93,7.1
P139,82,F,36.0,1.7,6.8,131,66,136,1,1,1,metformin,moderate,0,0.84,6.2
P140,57,F,27.4,1.0,7.3,136,96,113,1,0,0,metformin,light,0,1.09,6.6
P141,41,M,29.2,11.6,8.3,163,90,143,1,1,2,metformin+sulfonylurea,sedentary,0,1.09,6.6
P142,29,M,26.5,5.0,7.1,129,107,106,0,0,0,metformin+sulfonylurea,light,1,1.28,6.1
P143,55,M,27.8,1.5,6.0,96,89,109,1,0,1,none,light,1,0.98,6.1
P144,43,F,28.1,15.9,7.6,138,85,88,1,0,1,metformin,light,0,1.03,7.3
P145,47,F,30.0,8.2,6.7,120,81,143,0,1,0,metformin,light,0,0.85,6.3
P146,45,M,32.4,7.1,8.1,152,94,94,1,1,1,metformin+sulfonylurea,sedentary,1,1.02,5.8
P147,50,M,34.4,2.9,8.1,133,111,125,1,0,1,insulin,moderate,0,0.94,6.6
P148,64,M,28.8,1.6,7.5,134,77,113,0,1,0,metformin,sedentary,0,1.06,6.7
P149,54,M,30.0,6.4,6.8,122,84,86,1,1,1,metformin+sulfonylurea,moderate,0,1.12,5.2
P150,50,M,22.7,5.5,5.9,98,83,98,1,0,0,metformin,sedentary,1,1.18,6.6
P151,41,F,27.7,2.3,5.9,98,92,154,1,0,1,none,sedentary,1,0.96,7.2
P152,34,F,32.0,2.2,7.9,153,113,121,1,0,0,metformin,moderate,1,1.18,6.9
P153,47,M,31.1,2.1,7.0,116,86,87,0,0,2,metformin,moderate,1,1.05,8.2
P154,51,F,29.0,2.0,6.7,103,85,124,1,1,2,metformin,light,0,0.96,7.5
P155,71,M,31.2,3.4,8.1,149,61,111,1,0,0,metformin+sulfonylurea,moderate,0,0.91,7.6
P156,53,M,29.6,7.1,8.0,158,77,212,0,1,0,insulin,sedentary,0,0.93,8.2
P157,63,M,32.5,7.9,7.5,155,62,123,0,1,1,metformin,moderate,0,1.21,7.1
P158,47,M,28.7,5.4,7.0,134,94,104,1,0,1,metformin+sulfonylurea,sedentary,1,1.1,6.7
P159,39,M,26.0,6.2,6.8,107,116,155,0,1,0,metformin,light,1,1.08,7.3
P160,41,M,28.9,8.2,7.3,131,88,63,0,0,0,metformin+sulfonylurea,light,0,0.97,6.2
P161,44,M,18.5,0.8,7.4,138,81,118,0,0,0,metformin,sedentary,0,1.29,6.7
P162,75,M,29.1,6.5,7.8,147,75,171,0,0,2,metformin,light,0,1.16,6.1
P163,43,F,18.5,12.9,7.7,148,80,112,1,0,1,metformin,light,1,0.97,6.9
P164,61,M,20.3,4.9,7.6,131,90,66,1,1,1,metformin,sedentary,1,1.03,6.1
P165,42,M,29.4,11.3,6.8,122,85,104,0,0,1,metformin+sulfonylurea,moderate,1,1.03,6.1
P166,62,F,30.1,4.9,8.0,154,74,156,0,1,2,metformin+sulfonylurea,light,0,1.02,6.9
P167,56,F,23.2,8.5,6.7,128,79,126,0,0,0,metformin,sedentary,0,0.92,6.5
P168,50,M,24.5,7.0,5.9,92,91,92,1,1,0,metformin,light,0,1.05,5.3
P169,52,M,33.3,2.1,5.9,97,86,96,0,0,2,metformin,sedentary,0,1.17,5.6
P170,45,F,26.1,2.5,6.4,85,89,99,1,0,2,none,sedentary,1,0.9,5.8
P171,57,F,37.5,14.4,8.3,151,73,125,0,0,0,metformin+sulfonylurea,light,0,0.86,6.0
P172,47,F,28.1,9.8,7.3,128,75,152,0,0,0,metformin,sedentary,1,1.0,6.9
P173,39,F,29.8,5.2,7.4,126,98,144,0,0,1,metformin,sedentary,0,0.95,6.8
P174,38,M,34.3,4.7,8.6,166,81,128,1,1,0,metformin+sulfonylurea,light,0,1.24,7.3
P175,54,F,28.7,2.9,6.0,102,82,78,0,0,0,metformin,sedentary,0,1.12,7.1
P176,69,F,23.9,7.4,7.3,111,78,78,1,0,2,metformin,moderate,1,1.17,7.4
P177,54,M,27.0,3.1,7.0,129,88,130,0,0,0,metformin,light,0,0.97,7.0
P178,51,F,28.0,4.2,6.6,108,92,77,1,0,1,metformin,sedentary,0,0.97,6.7
P179,55,F,22.4,3.4,6.6,122,84,109,0,1,0,none,light,1,0.89,7.4
P180,66,M,26.4,9.4,6.0,90,82,124,1,1,0,metformin,sedentary,1,1.15,7.2
P181,54,M,24.4,5.0,8.0,150,92,83,1,1,1,metformin+sulfonylurea,light,0,1.06,6.9
P182,47,M,31.4,6.2,6.7,117,92,86,1,1,0,none,sedentary,1,1.21,7.5
P183,64,M,27.6,2.1,8.4,162,87,112,1,1,1,metformin+sulfonylurea,moderate,1,1.03,5.0
P184,57,M,26.3,3.4,6.7,121,89,129,1,0,0,metformin,sedentary,1,1.04,6.4
P185,69,M,27.1,6.3,8.1,150,69,145,0,0,2,insulin,light,1,1.08,6.4
P186,54,M,28.4,1.3,6.9,109,76,132,1,0,1,metformin,sedentary,0,1.11,7.4
P187,39,M,30.1,4.7,7.2,116,98,117,1,1,1,metformin,sedentary,0,0.82,7.7
P188,37,M,23.3,5.5,6.3,104,100,94,1,0,0,none,light,1,1.15,5.6
P189,70,M,23.1,1.9,6.6,117,84,85,1,1,0,none,light,0,1.0,7.6
P190,71,M,32.1,11.0,7.7,137,60,101,0,0,0,metformin+sulfonylurea,moderate,1,0.93,5.8
P191,50,F,26.4,7.1,6.6,123,78,126,0,1,1,none,sedentary,1,0.81,5.8
P192,48,M,21.5,5.0,6.6,114,92,124,1,0,0,metformin,sedentary,1,1.04,6.4
P193,68,F,30.0,3.2,6.5,105,75,56,0,0,0,metformin,sedentary,0,1.17,6.4
P194,40,M,29.4,1.2,8.4,157,82,93,0,0,0,metformin+sulfonylurea,sedentary,0,1.2,5.5
P195,42,M,21.1,10.4,6.9,126,91,149,0,0,0,metformin+sulfonylurea,moderate,0,1.04,7.1
P196,59,M,28.5,3.9,8.0,153,67,117,1,1,0,metformin+sulfonylurea,moderate,1,1.3,7.1
P197,48,M,30.6,1.6,6.7,138,84,75,1,0,0,metformin,moderate,1,1.05,7.3
P198,52,F,29.7,3.1,7.1,122,98,181,0,0,0,metformin,sedentary,1,1.17,6.3
P199,50,M,30.2,7.7,6.5,114,99,114,0,0,1,metformin,light,0,0.95,6.6
P200,56,M,21.6,6.6,6.4,117,72,126,0,0,0,none,light,1,1.0,6.6
P201,67,F,29.5,2.3,7.0,126,75,126,1,0,0,metformin,sedentary,0,0.92,7.8
P202,53,F,26.8,11.6,8.6,159,80,105,1,0,1,insulin,light,0,0.75,4.8
P203,59,F,26.1,1.6,7.0,111,98,95,0,1,1,metformin,sedentary,0,1.15,5.9
P204,29,M,31.2,13.2,8.5,157,91,174,0,0,0,metformin+sulfonylurea,sedentary,0,0.92,6.6
P205,51,M,33.7,6.4,7.9,137,81,143,1,0,1,metformin+sulfonylurea,moderate,1,0.96,5.8
P206,43,M,35.0,4.2,8.7,149,105,138,0,1,2,metformin+sulfonylurea,sedentary,0,0.86,6.4
P207,39,F,33.6,4.6,7.3,126,92,131,0,0,1,metformin,moderate,1,1.04,6.5
P208,42,M,27.0,5.9,9.0,163,98,87,0,1,2,insulin,sedentary,0,1.21,6.1
P209,48,F,29.6,8.1,7.1,135,74,151,0,0,1,metformin+sulfonylurea,sedentary,0,1.25,6.6
P210,62,M,30.7,1.0,6.3,116,80,91,0,1,0,metformin,sedentary,1,0.86,7.0
P211,37,F,28.6,3.0,6.0,94,84,123,0,1,0,metformin,sedentary,0,0.96,6.4
P212,52,M,28.0,5.8,8.8,166,77,69,0,0,1,metformin+sulfonylurea,light,1,0.94,6.3
P213,47,M,31.0,11.9,8.5,143,90,58,1,1,2,metformin+sulfonylurea,sedentary,1,1.18,6.5
P214,48,M,27.3,11.6,7.3,129,83,124,0,1,1,metformin,light,0,1.03,6.6
P215,63,M,24.4,15.0,8.2,159,67,92,1,1,0,insulin,moderate,0,0.92,5.4
P216,58,F,26.4,11.3,7.9,156,70,59,1,1,1,metformin,sedentary,0,1.01,6.9
P217,67,F,30.8,2.8,8.3,150,75,130,1,0,0,metformin+sulfonylurea,sedentary,0,0.94,6.3
P218,50,F,28.1,5.5,6.1,116,89,174,0,0,1,none,light,0,1.19,7.5
P219,44,F,29.5,11.3,7.4,121,94,154,1,1,1,metformin,light,1,1.13,7.0
P220,50,M,30.3,10.6,7.3,121,62,108,1,0,1,metformin+sulfonylurea,light,1,1.14,7.4
P221,55,M,25.9,4.8,5.9,108,77,115,0,1,1,none,sedentary,0,0.7,5.9
P222,54,M,30.7,7.9,8.2,171,83,140,1,0,1,insulin,light,1,1.05,6.3
P223,40,M,29.1,3.9,6.9,129,94,146,0,1,1,metformin+sulfonylurea,light,0,1.25,5.7
P224,53,M,22.3,1.4,7.2,131,91,105,0,1,1,metformin+sulfonylurea,sedentary,1,1.22,6.1
P225,55,M,33.6,5.1,9.0,152,86,116,0,1,1,metformin+sulfonylurea,sedentary,1,0.84,7.5
P226,80,F,26.0,4.9,6.8,102,64,123,1,0,1,metformin+sulfonylurea,moderate,0,0.96,7.6
P227,73,F,21.1,3.8,6.3,111,68,131,1,0,0,metformin,sedentary,0,0.86,5.8
P228,43,M,23.1,8.1,7.2,128,87,111,0,1,1,metformin+sulfonylurea,sedentary,0,1.21,6.3
P229,49,M,23.2,4.7,7.4,125,97,112,0,0,0,metformin,sedentary,0,1.03,6.5
P230,36,F,28.3,7.3,6.9,125,89,154,1,0,1,metformin,light,1,0.97,7.0
P231,46,M,26.3,9.3,6.9,125,86,149,0,1,1,metformin,light,0,1.0,5.4
P232,55,M,26.1,22.2,8.6,174,71,128,0,0,0,metformin+sulfonylurea,sedentary,1,0.75,5.5
P233,65,F,30.7,5.2,7.3,135,89,163,1,0,0,metformin,light,0,0.87,6.9
P234,44,F,29.5,12.0,6.0,115,83,104,0,1,0,metformin,light,1,1.06,5.2
P235,45,M,28.8,6.6,6.4,112,97,160,1,0,1,metformin,sedentary,0,1.1,6.3
P236,28,M,29.2,6.8,8.1,151,111,130,0,1,0,metformin+sulfonylurea,moderate,1,0.83,6.7
P237,50,F,30.7,5.2,7.3,144,86,207,0,0,0,metformin,sedentary,0,0.95,6.9
P238,40,M,18.6,6.2,6.5,105,91,82,0,1,2,none,sedentary,0,1.12,6.5
P239,46,F,26.6,4.7,6.9,152,87,96,0,0,1,metformin+sulfonylurea,moderate,0,0.83,6.3
P240,42,M,18.5,10.7,6.9,128,86,127,0,1,0,metformin+sulfonylurea,moderate,1,1.09,7.2
P241,51,F,28.3,3.1,7.3,137,95,126,1,0,0,metformin,sedentary,0,1.01,6.8
P242,33,M,27.5,1.4,6.1,111,104,170,0,0,2,none,moderate,1,1.27,6.1
P243,36,F,32.5,3.7,6.7,138,100,96,0,1,1,none,light,1,1.03,6.6
P244,75,F,33.1,3.4,7.5,146,62,140,1,0,1,metformin,sedentary,1,1.04,6.9
P245,38,M,28.4,3.7,6.8,106,89,148,0,0,0,metformin+sulfonylurea,moderate,1,1.16,7.8
P246,40,F,26.0,5.0,7.2,145,111,135,0,0,0,metformin,light,0,0.84,7.2
P247,72,F,30.1,3.7,6.1,102,71,88,0,1,0,none,sedentary,1,1.03,7.5
P248,82,F,25.9,5.0,7.3,135,58,154,1,0,1,metformin,light,1,1.01,6.2
P249,39,M,27.5,3.7,7.6,128,107,149,1,1,0,metformin,sedentary,0,0.98,6.2
P250,48,M,31.6,7.5,7.6,146,89,132,0,0,0,metformin+sulfonylurea,sedentary,0,1.1,6.4
P251,56,M,25.2,22.1,8.1,146,74,121,1,0,1,insulin,moderate,0,1.07,6.5
P252,71,F,31.5,6.5,7.5,139,70,121,1,0,2,metformin,light,0,0.91,5.9
P253,41,F,30.9,3.8,6.6,114,92,113,0,0,1,none,light,1,1.08,7.5
P254,49,F,24.1,0.5,6.6,136,90,133,1,1,1,metformin,light,0,1.18,7.2
P255,61,M,31.6,17.6,8.9,191,58,116,1,0,1,metformin+sulfonylurea,light,1,0.96,6.4
P256,57,M,30.4,6.7,7.1,129,80,91,1,0,0,metformin+sulfonylurea,sedentary,1,1.08,7.0
P257,48,M,27.9,5.0,6.3,111,91,86,0,0,0,metformin,moderate,1,1.04,6.8
P258,51,M,24.3,0.5,6.4,109,105,94,0,0,1,metformin,light,0,0.99,7.1
P259,37,F,24.5,5.1,6.9,135,97,121,0,1,0,metformin+sulfonylurea,light,1,0.86,5.7
P260,49,M,25.2,6.1,6.8,118,68,114,1,1,1,metformin,light,0,1.17,6.5
P261,49,M,29.8,3.7,7.7,139,88,121,1,0,2,metformin,sedentary,1,0.97,6.6
P262,55,F,24.1,1.7,7.3,143,108,129,0,0,2,metformin,sedentary,0,1.12,7.0
P263,46,F,29.9,1.6,7.4,130,99,97,0,1,0,metformin,sedentary,0,0.93,6.2
P264,57,F,22.9,17.8,8.5,161,65,156,0,1,0,metformin+sulfonylurea,sedentary,1,0.98,4.9
P265,63,F,27.2,6.0,7.7,127,82,108,0,1,0,metformin,light,0,1.15,5.8
P266,54,F,28.6,3.7,6.2,115,79,103,0,0,0,none,moderate,0,1.12,6.6
P267,56,F,38.4,5.8,6.8,141,71,129,1,1,0,metformin,sedentary,0,1.03,6.6
P268,53,M,21.7,5.5,6.6,124,82,64,0,0,0,metformin,sedentary,1,1.15,7.8
P269,52,F,34.3,1.5,6.9,139,89,93,1,0,1,metformin,light,0,0.97,7.0
P270,44,F,28.7,10.2,6.7,111,72,142,0,1,1,none,sedentary,1,1.06,6.7
P271,55,M,29.2,4.9,7.1,131,74,66,0,0,2,metformin+sulfonylurea,moderate,1,0.98,6.6
P272,51,M,28.0,6.1,6.7,110,86,146,0,0,0,metformin,sedentary,1,1.17,7.4
P273,75,M,29.4,14.1,7.1,127,59,157,0,0,0,metformin,sedentary,0,0.92,6.2
P274,69,F,27.5,1.8,6.5,122,79,105,0,0,0,metformin,sedentary,1,1.24,6.5
P275,56,M,33.6,3.0,7.9,149,75,123,1,0,0,metformin,moderate,0,0.96,5.8
P276,44,F,26.2,7.0,7.1,115,95,146,1,1,0,metformin+sulfonylurea,sedentary,1,1.06,7.6
P277,40,F,32.9,10.1,9.6,174,80,102,0,0,2,metformin+sulfonylurea,light,0,1.09,6.9
P278,65,M,24.8,3.4,6.8,108,91,139,0,0,0,metformin+sulfonylurea,sedentary,1,1.06,6.1
P279,55,M,27.2,3.6,6.6,122,71,96,1,1,0,none,sedentary,0,0.96,6.5
P280,57,M,23.0,8.6,7.1,149,70,102,0,1,1,metformin,moderate,0,1.0,7.0
P281,33,M,29.4,21.0,8.3,171,89,93,0,0,1,insulin,sedentary,1,1.17,6.4
P282,62,M,33.6,5.9,7.7,124,91,125,1,1,1,metformin,sedentary,1,0.98,6.2
P283,57,F,27.8,3.0,8.3,171,86,147,1,1,0,insulin,light,0,0.98,6.1
P284,40,F,27.3,2.3,6.3,119,101,110,0,0,1,none,moderate,0,1.0,6.8
P285,47,F,23.4,5.0,7.3,118,89,79,1,1,0,metformin,sedentary,0,1.1,6.3
P286,55,F,27.1,9.8,7.3,130,71,85,1,1,0,metformin,sedentary,1,1.05,6.3
P287,53,M,20.8,25.0,6.9,135,65,126,0,1,1,metformin,moderate,0,1.22,5.7
P288,49,F,24.3,4.4,7.5,144,78,167,1,1,1,metformin,light,1,1.04,6.7
P289,51,M,28.5,5.9,7.9,135,75,126,1,0,0,metformin,moderate,1,1.03,6.5
P290,49,M,33.0,15.9,7.4,142,82,104,0,0,1,metformin,light,0,0.98,6.4
P291,54,M,39.3,6.9,7.6,119,74,136,1,0,0,metformin,light,0,0.84,6.7
P292,68,F,25.6,6.5,5.9,98,76,108,0,1,0,metformin,sedentary,0,0.88,7.1
P293,28,M,33.5,14.0,6.8,133,85,104,0,0,0,metformin,sedentary,0,0.94,7.1
P294,49,M,28.5,6.0,8.0,150,89,88,0,1,1,insulin,light,1,1.2,7.0
P295,54,M,26.9,2.5,6.4,107,82,154,0,0,0,none,light,0,1.0,6.4
P296,55,M,29.3,12.2,6.8,131,89,50,0,1,1,metformin+sulfonylurea,moderate,1,1.0,6.2
P297,48,M,27.8,1.3,6.9,134,94,137,1,0,0,metformin,light,1,1.21,5.9
P298,33,M,28.0,10.9,7.1,142,104,102,0,1,1,metformin,sedentary,1,1.25,6.2
P299,56,F,26.4,5.6,6.8,130,76,104,1,1,1,metformin+sulfonylurea,light,0,1.15,6.6
P300,71,M,21.6,4.5,7.1,140,73,162,0,0,0,metformin,light,0,0.9,6.0
P301,35,F,21.6,4.4,5.9,108,90,95,0,1,0,metformin,light,1,1.0,6.7
P302,62,M,30.2,5.0,6.4,115,75,96,1,1,0,metformin,light,0,1.22,5.9
P303,48,M,26.3,4.0,7.1,130,87,111,1,0,1,metformin,light,0,1.03,5.4
P304,51,M,25.0,7.6,7.6,138,78,127,0,0,0,metformin,sedentary,0,0.97,7.2
P305,40,F,28.1,4.1,8.0,138,85,103,0,1,1,insulin,light,0,1.09,6.3
P306,48,F,31.4,5.6,6.7,110,77,71,1,0,0,metformin,light,1,1.18,6.0
P307,66,M,28.3,0.8,7.6,138,60,91,1,0,1,metformin,moderate,0,0.93,5.8
P308,58,F,25.3,5.6,6.5,117,72,151,0,0,1,none,light,0,1.03,6.9
P309,71,F,33.3,3.9,8.6,179,78,117,0,0,1,insulin,light,0,1.11,7.6
P310,65,F,34.7,10.4,7.2,131,59,128,0,0,2,metformin,light,0,0.86,6.3
P311,57,F,30.2,4.6,7.9,158,71,108,0,0,0,metformin,light,0,1.0,6.4
P312,71,F,32.2,9.4,7.1,140,83,97,1,0,1,metformin,sedentary,1,0.93,7.4
P313,57,M,32.7,8.7,8.8,166,74,162,1,0,0,metformin+sulfonylurea,moderate,0,0.88,5.3
P314,61,F,32.8,8.8,8.0,156,79,110,1,1,1,metformin+sulfonylurea,moderate,1,0.99,8.0
P315,49,F,30.7,4.7,6.7,117,93,103,0,1,2,none,light,1,1.12,8.2
P316,53,F,30.6,5.8,6.9,137,90,146,0,1,1,metformin,light,0,0.96,4.8
P317,44,F,30.3,7.5,7.9,154,77,95,0,0,1,metformin,sedentary,0,0.92,6.5
P318,63,F,23.5,6.0,7.5,126,75,98,0,0,0,metformin+sulfonylurea,light,0,1.01,6.1
P319,39,M,30.4,4.6,7.0,128,82,115,0,0,0,metformin,light,0,0.86,6.4
P320,61,F,22.4,2.7,6.6,134,101,115,0,0,0,none,light,0,1.05,6.3
P321,50,F,24.8,5.6,7.6,139,74,122,0,0,1,metformin,sedentary,0,1.14,7.2
P322,65,F,33.6,1.4,7.3,138,71,174,0,1,1,metformin,light,0,0.99,6.5
P323,60,F,31.6,0.7,5.9,106,75,124,0,0,0,metformin,sedentary,1,1.04,6.0
P324,72,F,34.3,2.2,6.5,104,62,50,0,0,0,metformin,light,0,1.04,6.5
P325,60,F,27.0,8.8,7.3,139,88,124,0,1,0,metformin,light,1,0.82,7.0
P326,35,M,22.7,6.6,7.6,127,116,116,1,0,0,metformin,sedentary,1,1.12,5.8
P327,51,F,27.1,8.8,8.3,151,79,116,1,0,0,metformin+sulfonylurea,light,1,1.3,5.4
P328,39,M,27.9,3.2,7.6,151,86,122,0,0,1,metformin,moderate,0,0.99,8.0
P329,46,M,27.8,11.1,7.7,146,67,114,0,0,1,metformin,light,0,0.99,6.2
P330,69,F,32.9,1.6,7.5,135,74,114,0,1,0,metformin,sedentary,0,1.09,6.5
P331,59,F,26.6,2.2,6.4,117,80,132,0,1,1,none,light,0,1.2,6.3
P332,44,M,29.0,10.9,7.4,135,81,100,1,1,1,metformin,sedentary,0,1.12,7.0
P333,41,M,23.3,6.3,6.2,108,94,88,0,1,0,none,light,1,0.8,7.8
P334,52,F,30.0,8.9,6.4,119,86,200,0,0,0,none,light,0,1.07,7.0
P335,39,F,28.1,6.6,7.3,126,96,95,0,0,0,metformin,sedentary,0,1.3,5.5
P336,45,F,25.0,3.6,6.8,122,89,118,0,1,0,metformin,light,0,1.07,5.6
P337,55,M,26.5,2.0,7.4,133,77,73,1,0,1,metformin,light,1,0.92,6.3
P338,65,M,26.7,1.0,7.4,120,85,118,1,0,2,metformin,light,1,1.09,6.4
P339,59,F,27.0,16.8,7.8,136,71,89,0,0,0,metformin,sedentary,0,0.85,5.4
P340,28,F,35.5,1.2,7.6,156,113,103,0,0,1,metformin,sedentary,1,1.21,7.2
P341,55,M,27.1,13.7,7.4,140,83,144,0,0,0,metformin+sulfonylurea,light,1,0.95,5.8
P342,53,F,27.1,6.0,7.4,123,73,128,1,0,1,metformin+sulfonylurea,sedentary,0,1.01,7.6
P343,57,F,19.3,6.8,6.3,95,69,131,0,1,1,metformin,light,1,0.96,7.9
P344,70,M,23.7,6.5,7.1,128,66,65,0,0,0,metformin,sedentary,1,0.99,6.4
P345,29,F,27.0,8.1,7.5,154,91,166,0,0,0,metformin+sulfonylurea,sedentary,0,1.18,6.9
P346,45,F,25.2,3.0,6.4,110,98,82,0,0,1,metformin,light,0,1.01,5.7
P347,58,F,33.9,0.6,7.4,149,88,158,1,0,2,metformin,sedentary,0,0.93,7.0
P348,35,M,26.8,3.5,6.4,116,107,144,1,0,0,none,light,1,0.92,6.3
P349,68,F,33.5,7.7,7.0,131,75,131,1,0,0,metformin,sedentary,1,0.84,5.8
P350,56,F,28.4,2.2,6.0,90,87,91,1,0,0,metformin,light,0,0.85,6.4
P351,61,F,28.3,11.2,8.4,169,84,119,0,0,1,metformin+sulfonylurea,sedentary,0,1.01,6.3
P352,46,F,27.7,5.1,7.9,144,93,102,0,0,1,metformin,light,1,1.18,6.4
P353,61,M,27.5,2.1,7.3,142,82,116,1,1,1,metformin,light,0,0.93,7.3
P354,64,F,35.3,6.2,8.9,163,88,108,1,1,1,metformin+sulfonylurea,sedentary,0,1.19,6.1
P355,55,M,18.5,7.6,6.9,126,82,58,0,0,2,metformin,light,0,0.91,7.8
P356,55,M,19.1,8.0,9.0,177,79,146,0,1,1,insulin,sedentary,1,1.03,5.7
P357,55,M,25.2,10.9,7.0,125,72,113,1,1,0,metformin,light,1,0.93,7.7
P358,43,F,28.2,1.5,7.1,133,100,101,0,1,1,metformin,sedentary,1,1.18,5.9
P359,50,M,30.4,11.0,7.1,126,92,99,1,0,0,metformin,light,1,1.3,6.6
P360,50,M,29.5,11.6,7.7,136,81,125,0,1,0,metformin+sulfonylurea,sedentary,0,0.79,6.3
P361,56,F,26.5,2.0,7.7,159,96,90,1,1,2,metformin,moderate,0,0.96,6.4
P362,63,M,31.8,2.4,7.1,139,64,52,0,1,1,metformin,light,0,1.15,7.2
P363,40,M,31.8,9.2,9.0,166,90,126,0,0,2,metformin+sulfonylurea,light,0,0.83,7.6
P364,51,F,28.9,4.1,7.1,134,87,130,1,0,0,metformin+sulfonylurea,sedentary,1,1.13,7.4
P365,68,M,31.5,12.8,7.9,140,62,109,1,1,1,metformin+sulfonylurea,sedentary,1,1.21,6.3
P366,44,F,29.2,15.1,7.2,119,102,83,0,1,1,metformin+sulfonylurea,sedentary,1,1.07,6.7
P367,43,M,25.1,2.1,6.9,134,94,117,0,0,0,metformin,moderate,1,1.13,6.1
P368,54,M,30.4,2.9,6.8,105,83,74,0,1,0,metformin,light,0,1.21,5.9
P369,61,F,28.6,6.0,6.8,131,79,86,1,0,1,metformin,sedentary,0,1.23,5.8
P370,52,M,27.5,0.6,6.1,103,73,94,1,0,0,none,light,0,0.99,6.3
P371,67,F,34.3,1.0,9.2,176,72,139,1,0,2,insulin,light,0,0.94,6.8
P372,61,M,18.5,2.6,6.2,112,89,105,0,1,0,metformin,sedentary,0,0.89,5.3
P373,61,M,21.5,18.5,6.4,118,63,102,1,0,0,none,light,1,1.18,6.6
P374,58,F,23.1,6.7,6.5,106,73,170,0,1,1,metformin,sedentary,0,0.84,7.7
P375,78,F,26.6,3.3,6.7,127,79,125,0,0,0,metformin,sedentary,1,1.03,7.4
P376,50,F,27.0,2.4,7.5,139,100,124,1,0,2,metformin,light,0,1.01,6.2
P377,30,F,21.8,2.0,7.1,116,108,105,0,0,1,metformin,sedentary,0,0.94,5.6
P378,70,F,24.0,3.5,7.1,127,71,98,1,0,0,metformin+sulfonylurea,moderate,1,1.09,6.9
P379,47,F,24.5,3.4,6.4,126,88,54,0,1,1,metformin,light,1,1.3,5.0
P380,53,F,38.4,4.7,7.8,162,79,142,0,0,1,metformin,moderate,1,1.05,7.4
P381,66,F,35.7,7.8,7.0,134,66,128,1,0,1,metformin+sulfonylurea,light,0,0.95,6.5
P382,34,M,25.8,5.2,6.6,105,90,110,0,1,1,metformin,moderate,1,1.18,7.9
P383,38,M,26.0,9.5,6.7,124,87,111,0,1,1,metformin,sedentary,1,1.09,5.4
P384,34,M,22.7,4.4,6.0,111,90,136,0,1,1,metformin,light,1,1.23,7.2
P385,43,F,20.1,15.8,8.0,157,71,71,0,0,0,metformin+sulfonylurea,light,0,1.02,6.5
P386,57,M,27.0,9.4,7.8,153,80,98,0,0,1,metformin+sulfonylurea,moderate,0,0.97,6.4
P387,58,M,23.3,6.5,7.9,151,82,83,1,0,2,metformin,sedentary,0,0.79,5.6
P388,55,F,27.7,7.9,7.3,133,95,165,0,0,1,metformin+sulfonylurea,light,1,0.87,7.0
P389,36,F,21.4,3.6,7.3,127,93,140,0,1,1,metformin,light,1,0.84,7.1
P390,28,M,24.3,4.6,5.9,85,105,53,0,0,0,metformin,sedentary,0,1.05,7.8
P391,53,F,28.7,4.5,7.7,146,88,73,1,1,1,metformin+sulfonylurea,moderate,1,0.9,7.3
P392,47,M,29.0,3.0,7.4,138,89,111,0,0,2,metformin,sedentary,1,1.21,6.2
P393,57,M,29.3,1.7,7.2,137,91,102,0,0,0,metformin+sulfonylurea,sedentary,0,1.0,5.9
P394,60,F,22.6,8.1,7.1,115,84,78,1,0,0,metformin,light,1,1.03,5.6
P395,54,F,31.7,10.6,6.9,131,82,169,0,1,1,metformin,light,1,0.96,7.6
P396,60,M,24.1,7.4,6.1,126,76,124,0,1,1,none,sedentary,0,1.07,6.1
P397,55,M,30.2,5.2,6.7,120,80,128,1,0,1,metformin,sedentary,0,0.9,7.6
P398,58,F,28.1,20.5,8.3,156,58,96,0,1,0,metformin+sulfonylurea,sedentary,1,0.94,7.0
P399,44,M,21.7,3.3,7.0,130,86,135,0,1,0,metformin,light,1,1.2,6.8
